<?xml version="1.0" standalone="yes"?>
<rss xmlns:sparkle="http://www.andymatuschak.org/xml-namespaces/sparkle" version="2.0">
  <channel>
    <title>妙言(MiaoYan)</title>
    <item>
      <title>0.3.0</title>
      <description><![CDATA[
            <ul>
             <li>🎉 支持英语，可去设置中更改 / Support English, you can go to the settings to change.</li>
             <li>🍭 视觉优化，如文档日期显示时间、小 icon 优化、显示等 / Visual beautification, such as document date display time, small icon beautification, display, etc.</li>
             <li> 视觉优化，如文档日期显示时间、小 icon 优化、显示等 / Visual beautification, such as document date display time, small icon beautification, display, etc.</li>
            </ul>
            ]]>      </description>
      <pubDate>周四, 09 6月 2022 14:48:44 +0800</pubDate>
      <enclosure url="https://miao-yan.vercel.app/Release/MiaoYan_V0.3.0.zip" sparkle:shortVersionString="0.3.0" sparkle:version="0.3.0" sparkle:edSignature="TCIq/KPoELaKd/UBsdSuX7h94cQcdZOFsl/XtK503aIeRkAp5Qua0rTX7WrfEF1ysdsMXRLAHOqIKaEd5RKfAQ==" length="19900882" type="application/octet-stream" />
      <sparkle:minimumSystemVersion>10.15</sparkle:minimumSystemVersion>
    </item>
    
    <item>
      <title>0.2.0</title>
      <description><![CDATA[
            <ol>
            <li>全新视觉和编辑预览体验升级，兼容 macOS Monterey 版本</li>
            <li>序号分号等支持自动递增，效果不错</li>
            <li>默认的字体更新成霞鹜文楷</li>
            <li>修复标题更新有时候不保存的 bug</li>
            <li>回车标题自动 focus 到内容区域</li>
            <li>支持本地图片的展示和引入</li>
            <li>支持自动更新 App</li>
            </ol>
            ]]>      </description>
      <pubDate>周三, 08 6月 2022 14:48:44 +0800</pubDate>
      <enclosure url="https://miao-yan.vercel.app/Release/MiaoYan_V0.2.0.zip" sparkle:shortVersionString="0.2.0" sparkle:version="0.2.0" sparkle:edSignature="qRtdNH5/DxEaS5YjEVFI57w0H2QHmctL/lsU3W4SXj/Es6iZS/FAVYKbBESfYd0397T7Sw2Pd3WxW1lzJEYCBg==" length="19889101" type="application/octet-stream" />
      <sparkle:minimumSystemVersion>10.15</sparkle:minimumSystemVersion>
    </item>
  </channel>
</rss>
